title,category,color_variations
LunarPath 5221,Lifestyle,4 colours
TrailBlazer 5452,Hiking,3 colours
ZenithStride 8562,CrossFit,2 colours
UltraBoost 6030,Originals,8 colours
NimbleFeet 4599,Originals,1 colours
WaveRider 2840,Running,6 colours
SpeedRunner 8441,Trail,5 colours
QuantumLeap 5872,Streetwear,2 colours
ThunderDash 3994,Casual,2 colours
VelocityRun 2770,Training,3 colours
SprintStar 4129,Gym,8 colours
RapidPace 7604,CrossFit,7 colours
SpeedRunner 7087,Lifestyle,4 colours
WaveRider 9538,Walking,4 colours
BlazeTrack 5845,Hiking,2 colours
UltraBoost 4860,Hiking,3 colours
UltraBoost 7361,Hiking,9 colours
RoadMaster 4865,Sport,5 colours
FlexStride 2426,Outdoor,8 colours
LightSpeed 3595,Casual,10 colours
AeroFlare 7942,Sport,10 colours
RapidPace 9795,CrossFit,8 colours
VelocityRun 9465,Sport,6 colours
SpeedRunner 8995,Hiking,8 colours
WaveRider 5706,CrossFit,2 colours
ThunderDash 6666,Streetwear,9 colours
BlazeTrack 9245,CrossFit,7 colours
FlexStride 9056,Lifestyle,1 colours
ThunderDash 6146,Running,3 colours
RapidPace 5222,Running,8 colours
UltraBoost 7115,Sport,6 colours
ThunderDash 3277,Gym,4 colours
WaveRider 6804,Hiking,7 colours
LightSpeed 1990,Outdoor,5 colours
VelocityRun 3460,CrossFit,6 colours
SprintStar 9840,Outdoor,1 colours
TrailBlazer 7802,Training,6 colours
QuantumLeap 2426,Streetwear,10 colours
RoadMaster 7910,Performance,2 colours
SkyWalker 1952,Athletics,2 colours
ThunderDash 5018,Trail,10 colours
SkyWalker 3508,Sport,10 colours
LightSpeed 7084,Walking,9 colours
ThunderDash 8362,Hiking,8 colours
LunarPath 9209,Originals,9 colours
UltraBoost 6806,Lifestyle,10 colours
AirGlide 7138,CrossFit,6 colours
ThunderDash 1741,Hiking,3 colours
ThunderDash 1729,Running,10 colours
WaveRider 3874,Gym,3 colours
VelocityRun 5350,Gym,9 colours
VelocityRun 6894,Lifestyle,3 colours
SpeedRunner 7355,Training,4 colours
TrailBlazer 8920,CrossFit,2 colours
AirGlide 8608,Gym,7 colours
LunarPath 7255,Gym,1 colours
SpeedRunner 2307,Performance,4 colours
AeroFlare 4187,Streetwear,2 colours
FlexStride 3640,Hiking,2 colours
UltraBoost 4322,Athletics,4 colours
SkyWalker 7890,Hiking,7 colours
FlexStride 3422,Originals,3 colours
FlexStride 2638,Trail,6 colours
LightSpeed 9813,Streetwear,1 colours
RoadMaster 7057,Casual,4 colours
SpeedRunner 2093,Lifestyle,3 colours
NimbleFeet 2106,Casual,8 colours
LightSpeed 8346,Originals,5 colours
UltraBoost 5019,Streetwear,4 colours
TrailBlazer 5200,Sport,5 colours
LightSpeed 2382,Training,7 colours
RapidPace 4255,Lifestyle,9 colours
LightSpeed 1744,Casual,9 colours
ZenithStride 4818,Outdoor,6 colours
SprintStar 8441,CrossFit,2 colours
PowerStep 1895,Lifestyle,7 colours
QuantumLeap 6270,Walking,8 colours
ThunderDash 1036,Walking,1 colours
QuantumLeap 8733,Casual,3 colours
TrailBlazer 5123,Trail,3 colours
LightSpeed 9509,Performance,6 colours
ZenithStride 7500,Gym,3 colours
ThunderDash 5188,Originals,3 colours
QuantumLeap 3449,Performance,6 colours
LightSpeed 7455,Gym,10 colours
UltraBoost 8927,Casual,1 colours
TrailBlazer 7409,Streetwear,3 colours
SkyWalker 2375,Walking,6 colours
RoadMaster 2330,Sport,8 colours
LightSpeed 4141,Sport,6 colours
VelocityRun 5517,Casual,6 colours
RoadMaster 6399,Walking,5 colours
FlexStride 8664,Walking,8 colours
ZenithStride 1306,Trail,10 colours
UltraBoost 7971,Athletics,2 colours
AeroFlare 2832,Streetwear,9 colours
WaveRider 2608,Outdoor,8 colours
SprintStar 1964,Running,7 colours
QuantumLeap 4437,Hiking,5 colours
UltraBoost 4789,Originals,7 colours
ZenithStride 9421,CrossFit,8 colours
FlexStride 2475,Training,3 colours
RoadMaster 1374,Lifestyle,10 colours
QuantumLeap 9946,Streetwear,10 colours
VelocityRun 9251,Originals,8 colours
FlexStride 3129,Athletics,6 colours
WaveRider 6160,Casual,1 colours
SprintStar 7182,Originals,1 colours
WaveRider 2180,Trail,9 colours
UltraBoost 2521,Lifestyle,1 colours
NimbleFeet 2218,Training,7 colours
SkyWalker 5526,Outdoor,9 colours
PowerStep 4931,Sport,8 colours
ZenithStride 6688,Streetwear,4 colours
VelocityRun 8173,Hiking,4 colours
SprintStar 2575,Streetwear,4 colours
SprintStar 7293,Training,8 colours
SpeedRunner 9914,Lifestyle,9 colours
TrailBlazer 9393,Lifestyle,2 colours
AirGlide 3032,Outdoor,6 colours
RoadMaster 9765,Running,2 colours
AirGlide 4509,Sport,9 colours
PowerStep 4162,Lifestyle,2 colours
NimbleFeet 6268,Streetwear,9 colours
LightSpeed 1933,Casual,1 colours
QuantumLeap 6499,Sport,9 colours
ZenithStride 9196,Lifestyle,4 colours
SpeedRunner 7766,Streetwear,3 colours
VelocityRun 4148,Outdoor,10 colours
FlexStride 6361,Casual,7 colours
VelocityRun 9898,Casual,4 colours
WaveRider 8784,Performance,6 colours
SpeedRunner 3058,Athletics,5 colours
ThunderDash 1321,Streetwear,3 colours
NimbleFeet 9596,Hiking,4 colours
ThunderDash 4278,Originals,6 colours
TrailBlazer 3497,Walking,1 colours
FlexStride 2360,Training,3 colours
PowerStep 3953,Originals,2 colours
ZenithStride 1187,Casual,4 colours
RoadMaster 8188,Trail,3 colours
AeroFlare 8105,Streetwear,1 colours
AeroFlare 8641,Walking,2 colours
PowerStep 8516,Sport,8 colours
FlexStride 2888,Originals,3 colours
SkyWalker 7508,Streetwear,10 colours
NimbleFeet 9973,Running,8 colours
ZenithStride 8508,Athletics,5 colours
QuantumLeap 6355,Walking,9 colours
ThunderDash 6166,Running,8 colours
UltraBoost 4216,Outdoor,3 colours
FlexStride 3454,Sport,6 colours
QuantumLeap 7252,Trail,7 colours
AirGlide 8221,Training,10 colours
RoadMaster 5464,Outdoor,5 colours
AirGlide 5629,Lifestyle,9 colours
PowerStep 2734,CrossFit,8 colours
SprintStar 4201,Trail,10 colours
ZenithStride 1546,Sport,2 colours
NimbleFeet 7234,Outdoor,5 colours
ThunderDash 6907,Running,2 colours
WaveRider 6578,Performance,10 colours
AirGlide 6083,Hiking,9 colours
WaveRider 6559,Outdoor,4 colours
TrailBlazer 9052,Running,4 colours
RoadMaster 8685,Originals,9 colours
WaveRider 4776,Originals,1 colours
LightSpeed 9464,Originals,4 colours
VelocityRun 4127,Running,9 colours
NimbleFeet 7181,CrossFit,9 colours
AeroFlare 8702,Trail,4 colours
ThunderDash 3068,Lifestyle,10 colours
QuantumLeap 8812,Streetwear,9 colours
LightSpeed 2700,Training,10 colours
AirGlide 5888,Hiking,7 colours
ThunderDash 2801,Walking,5 colours
SprintStar 9458,Performance,8 colours
VelocityRun 4429,Casual,3 colours
BlazeTrack 2570,Athletics,3 colours
PowerStep 9495,Sport,9 colours
TrailBlazer 9915,Walking,9 colours
ZenithStride 6285,Sport,7 colours
SpeedRunner 7530,Performance,5 colours
ThunderDash 7515,Streetwear,1 colours
LunarPath 5238,Hiking,4 colours
UltraBoost 1003,Streetwear,2 colours
NimbleFeet 2410,Outdoor,7 colours
BlazeTrack 5916,Training,4 colours
PowerStep 4667,Lifestyle,6 colours
BlazeTrack 7041,Gym,6 colours
WaveRider 7245,Originals,4 colours
SpeedRunner 6672,Lifestyle,5 colours
TrailBlazer 3952,Walking,10 colours
QuantumLeap 2094,Athletics,5 colours
LunarPath 1223,Outdoor,10 colours
ThunderDash 7028,Training,4 colours
RoadMaster 8549,Athletics,1 colours
UltraBoost 4981,Training,7 colours
UltraBoost 1199,Gym,8 colours
ThunderDash 1226,Hiking,10 colours
PowerStep 2787,Sport,4 colours
LunarPath 7250,Hiking,3 colours
WaveRider 4032,Training,7 colours
VelocityRun 1506,Lifestyle,1 colours
LightSpeed 4683,Running,10 colours
SkyWalker 6498,Casual,8 colours
ThunderDash 3725,Training,10 colours
VelocityRun 8235,Performance,1 colours
ZenithStride 8150,Hiking,4 colours
SprintStar 1688,Outdoor,9 colours
NimbleFeet 7574,Running,2 colours
AeroFlare 6202,Athletics,3 colours
AirGlide 3514,Streetwear,5 colours
TrailBlazer 7106,Athletics,9 colours
BlazeTrack 2966,Running,4 colours
RapidPace 8608,Streetwear,1 colours
WaveRider 5214,Originals,10 colours
LightSpeed 5331,Athletics,4 colours
RoadMaster 4662,Athletics,9 colours
VelocityRun 1136,Gym,3 colours
AirGlide 2842,Sport,8 colours
SpeedRunner 9034,Performance,9 colours
NimbleFeet 2953,Hiking,8 colours
ThunderDash 2897,Athletics,9 colours
ThunderDash 6686,Lifestyle,1 colours
PowerStep 3109,Running,6 colours
FlexStride 1347,Running,9 colours
FlexStride 5957,Streetwear,8 colours
NimbleFeet 5700,Running,10 colours
TrailBlazer 9072,Athletics,5 colours
SkyWalker 6401,Hiking,4 colours
LunarPath 4948,Training,1 colours
TrailBlazer 3989,Outdoor,10 colours
QuantumLeap 8742,Running,7 colours
RoadMaster 9019,Training,4 colours
AirGlide 5011,Lifestyle,8 colours
LunarPath 8662,Streetwear,8 colours
ZenithStride 7281,Walking,2 colours
AeroFlare 3401,Originals,2 colours
VelocityRun 5773,Gym,10 colours
SprintStar 9860,Training,7 colours
RapidPace 1697,Running,4 colours
ZenithStride 9352,Streetwear,1 colours
ThunderDash 1563,Sport,2 colours
SpeedRunner 1271,CrossFit,10 colours
LightSpeed 8208,Originals,1 colours
SpeedRunner 2071,Casual,7 colours
WaveRider 2005,Running,4 colours
FlexStride 3136,Running,6 colours
RapidPace 6975,Hiking,7 colours
AirGlide 6783,Gym,2 colours
LightSpeed 2784,Casual,2 colours
RoadMaster 3032,Streetwear,8 colours
SprintStar 6588,Training,1 colours
NimbleFeet 8951,Performance,5 colours
AeroFlare 5310,Running,4 colours
LunarPath 6023,Originals,5 colours
LunarPath 8440,Casual,9 colours
PowerStep 2132,Running,4 colours
SkyWalker 6755,Trail,1 colours
PowerStep 9965,Lifestyle,4 colours
BlazeTrack 1576,Trail,5 colours
RapidPace 5414,Gym,6 colours
QuantumLeap 3019,Performance,6 colours
LunarPath 4733,Walking,5 colours
ZenithStride 3872,Performance,10 colours
BlazeTrack 7914,Sport,5 colours
PowerStep 9254,Athletics,3 colours
RoadMaster 2924,Gym,10 colours
ThunderDash 5496,Training,8 colours
VelocityRun 6435,Casual,9 colours
BlazeTrack 4612,Trail,5 colours
RoadMaster 6458,Casual,6 colours
AeroFlare 3016,Gym,6 colours
RapidPace 8817,Streetwear,9 colours
ThunderDash 4315,Athletics,3 colours
AirGlide 1210,Lifestyle,2 colours
PowerStep 5487,Performance,7 colours
AirGlide 5977,Running,7 colours
LightSpeed 1434,Casual,10 colours
AeroFlare 5835,Casual,2 colours
BlazeTrack 5378,Running,9 colours
BlazeTrack 8455,Streetwear,8 colours
AirGlide 2039,Originals,6 colours
AeroFlare 1299,Sport,2 colours
SprintStar 7145,CrossFit,5 colours
QuantumLeap 1303,Gym,4 colours
SkyWalker 8315,Training,9 colours
ZenithStride 4190,Trail,1 colours
WaveRider 9398,Athletics,1 colours
QuantumLeap 1419,Performance,1 colours
QuantumLeap 1413,Gym,9 colours
AeroFlare 7277,Lifestyle,2 colours
FlexStride 5849,Sport,3 colours
WaveRider 7252,Casual,5 colours
AirGlide 1337,Gym,7 colours
SkyWalker 1970,Trail,4 colours
UltraBoost 3100,Performance,3 colours
TrailBlazer 3953,Athletics,2 colours
SkyWalker 1842,Streetwear,10 colours
FlexStride 6800,Streetwear,10 colours
PowerStep 1372,Casual,2 colours
SkyWalker 1933,Hiking,3 colours
SprintStar 4525,Athletics,4 colours
AirGlide 3212,Outdoor,6 colours
BlazeTrack 9709,Performance,4 colours
WaveRider 5959,Casual,1 colours
WaveRider 2685,Outdoor,4 colours
NimbleFeet 9189,Trail,3 colours
RapidPace 7198,Casual,9 colours
FlexStride 5317,Originals,4 colours
BlazeTrack 7743,Gym,3 colours
WaveRider 6061,Hiking,7 colours
SkyWalker 3459,Originals,7 colours
SpeedRunner 4084,Sport,8 colours
WaveRider 9251,Training,2 colours
NimbleFeet 5704,Casual,7 colours
ZenithStride 7189,Walking,7 colours
SprintStar 9350,Hiking,7 colours
RapidPace 1782,Outdoor,9 colours
PowerStep 2655,Athletics,7 colours
ZenithStride 1080,CrossFit,6 colours
SkyWalker 3345,Outdoor,1 colours
FlexStride 1646,Athletics,3 colours
AirGlide 1175,Athletics,1 colours
RoadMaster 6518,Athletics,4 colours
FlexStride 1380,Walking,9 colours
LightSpeed 8966,Outdoor,1 colours
VelocityRun 5561,Athletics,4 colours
QuantumLeap 7638,Outdoor,5 colours
QuantumLeap 4553,CrossFit,5 colours
BlazeTrack 9028,Hiking,3 colours
QuantumLeap 7824,Lifestyle,5 colours
VelocityRun 8198,Performance,9 colours
FlexStride 5894,Originals,3 colours
VelocityRun 7454,Outdoor,1 colours
RapidPace 3731,Casual,2 colours
WaveRider 9214,Walking,9 colours
ZenithStride 2725,Casual,1 colours
RoadMaster 2330,Streetwear,6 colours
AirGlide 4002,Gym,2 colours
TrailBlazer 9939,Trail,6 colours
ZenithStride 6751,Casual,5 colours
LunarPath 5842,Lifestyle,9 colours
RapidPace 4266,Gym,5 colours
VelocityRun 9693,Walking,3 colours
RoadMaster 3181,Hiking,2 colours
ZenithStride 4536,CrossFit,4 colours
PowerStep 5672,Walking,4 colours
NimbleFeet 4995,Sport,2 colours
ZenithStride 5113,Trail,3 colours
TrailBlazer 4816,Training,2 colours
WaveRider 1047,Performance,1 colours
RapidPace 5051,Sport,4 colours
RoadMaster 5544,Trail,1 colours
UltraBoost 5663,Training,6 colours
RoadMaster 9000,Outdoor,4 colours
BlazeTrack 7984,Walking,3 colours
ZenithStride 8211,Trail,6 colours
UltraBoost 1443,Originals,10 colours
RoadMaster 5769,Outdoor,10 colours
SkyWalker 8726,Walking,2 colours
RapidPace 8980,CrossFit,10 colours
FlexStride 6812,Lifestyle,2 colours
VelocityRun 9141,Streetwear,7 colours
WaveRider 6594,Running,3 colours
LightSpeed 1932,Lifestyle,2 colours
AirGlide 4646,Athletics,9 colours
SpeedRunner 5196,Streetwear,5 colours
ZenithStride 2268,Trail,3 colours
LightSpeed 2097,Streetwear,10 colours
WaveRider 2754,Walking,10 colours
QuantumLeap 7014,Gym,4 colours
UltraBoost 1410,Hiking,8 colours
SprintStar 8298,Gym,4 colours
RoadMaster 2730,Originals,4 colours
RoadMaster 4453,Training,9 colours
BlazeTrack 4652,Originals,3 colours
PowerStep 2106,Casual,9 colours
QuantumLeap 3370,Streetwear,8 colours
LunarPath 1718,Hiking,1 colours
NimbleFeet 3401,CrossFit,1 colours
WaveRider 7860,Streetwear,3 colours
TrailBlazer 2207,Hiking,7 colours
LightSpeed 2450,Hiking,9 colours
SpeedRunner 2394,Training,6 colours
RoadMaster 1485,Trail,10 colours
AirGlide 1239,Sport,4 colours
AeroFlare 7803,Lifestyle,5 colours
WaveRider 7468,Gym,4 colours
AirGlide 4975,Originals,2 colours
RapidPace 4856,Walking,5 colours
AeroFlare 1753,Casual,9 colours
QuantumLeap 6977,Performance,7 colours
UltraBoost 2547,Streetwear,10 colours
VelocityRun 9264,Athletics,5 colours
RapidPace 5267,Streetwear,1 colours
SkyWalker 9943,Athletics,6 colours
QuantumLeap 9493,Casual,3 colours
WaveRider 1751,Originals,4 colours
LunarPath 8620,Gym,5 colours
SkyWalker 3460,Running,5 colours
WaveRider 6656,Gym,3 colours
AirGlide 4139,CrossFit,3 colours
LightSpeed 1143,Outdoor,9 colours
QuantumLeap 5064,Streetwear,4 colours
SpeedRunner 4475,CrossFit,1 colours
SprintStar 1304,Lifestyle,1 colours
VelocityRun 4324,Streetwear,5 colours
FlexStride 3120,Trail,8 colours
RapidPace 8620,Training,2 colours
VelocityRun 5918,Performance,5 colours
FlexStride 2224,Hiking,10 colours
PowerStep 9339,Athletics,1 colours
LightSpeed 5340,Outdoor,5 colours
SprintStar 2088,Walking,9 colours
AeroFlare 6811,Walking,1 colours
WaveRider 9257,Performance,4 colours
RapidPace 9405,CrossFit,9 colours
RapidPace 6170,Athletics,3 colours
SprintStar 6565,Streetwear,1 colours
AirGlide 4473,Hiking,8 colours
LunarPath 8495,Casual,7 colours
SkyWalker 4689,Walking,6 colours
RoadMaster 4524,Gym,4 colours
SpeedRunner 1757,Lifestyle,7 colours
UltraBoost 3153,Streetwear,2 colours
ZenithStride 6311,CrossFit,7 colours
SpeedRunner 8040,CrossFit,10 colours
LightSpeed 1864,Originals,4 colours
NimbleFeet 8866,Performance,8 colours
VelocityRun 1530,Streetwear,3 colours
SprintStar 5972,CrossFit,3 colours
WaveRider 1811,Hiking,3 colours
RapidPace 7964,Gym,2 colours
UltraBoost 4753,Performance,7 colours
SkyWalker 9504,Casual,3 colours
LunarPath 2558,Performance,1 colours
SpeedRunner 8552,Walking,7 colours
QuantumLeap 1309,Trail,6 colours
LunarPath 1341,Sport,6 colours
TrailBlazer 6836,Gym,1 colours
LunarPath 6952,Outdoor,7 colours
NimbleFeet 1475,Lifestyle,2 colours
VelocityRun 9194,Casual,6 colours
RoadMaster 2428,Originals,7 colours
AeroFlare 1265,Hiking,2 colours
TrailBlazer 8367,Lifestyle,10 colours
SkyWalker 2062,CrossFit,6 colours
VelocityRun 2119,Hiking,2 colours
LunarPath 4017,Running,5 colours
SpeedRunner 1990,Gym,9 colours
AeroFlare 4954,Running,4 colours
RapidPace 6118,Training,7 colours
NimbleFeet 4459,CrossFit,6 colours
RapidPace 3346,Lifestyle,2 colours
AeroFlare 1055,Lifestyle,1 colours
NimbleFeet 3791,Lifestyle,9 colours
LightSpeed 5900,Casual,6 colours
RapidPace 3677,Sport,6 colours
SprintStar 1840,Walking,10 colours
FlexStride 4986,Athletics,4 colours
BlazeTrack 2878,Running,7 colours
RoadMaster 8635,Sport,6 colours
WaveRider 5325,Gym,9 colours
SkyWalker 9673,Gym,3 colours
FlexStride 5609,Sport,3 colours
LightSpeed 5406,Gym,1 colours
SprintStar 2278,Originals,9 colours
SkyWalker 9956,Athletics,3 colours
UltraBoost 9134,Running,1 colours
SprintStar 6356,Streetwear,9 colours
TrailBlazer 6092,Sport,5 colours
LunarPath 9678,Running,6 colours
BlazeTrack 7722,CrossFit,10 colours
FlexStride 6600,Athletics,7 colours
VelocityRun 2639,Hiking,2 colours
QuantumLeap 8666,Hiking,2 colours
TrailBlazer 2467,CrossFit,9 colours
VelocityRun 4263,Streetwear,5 colours
ZenithStride 6192,Gym,3 colours
BlazeTrack 1287,Walking,7 colours
VelocityRun 3002,Streetwear,3 colours
RoadMaster 6804,Originals,2 colours
NimbleFeet 8383,Trail,8 colours
SpeedRunner 7566,Running,7 colours
SpeedRunner 1783,Athletics,7 colours
SprintStar 2339,Sport,9 colours
TrailBlazer 5687,Trail,1 colours
NimbleFeet 3360,Outdoor,5 colours
ZenithStride 8901,Casual,1 colours
NimbleFeet 5762,Outdoor,8 colours
NimbleFeet 5950,Athletics,5 colours
AeroFlare 9077,Gym,1 colours
FlexStride 7557,Lifestyle,5 colours
RoadMaster 9671,Originals,7 colours
SpeedRunner 2054,Outdoor,9 colours
RoadMaster 3477,Sport,8 colours
PowerStep 1861,Athletics,5 colours
SkyWalker 3319,Lifestyle,6 colours
SkyWalker 8258,Originals,2 colours
TrailBlazer 4521,Walking,6 colours
QuantumLeap 4773,Walking,4 colours
TrailBlazer 5868,Lifestyle,7 colours
LunarPath 6504,Hiking,2 colours
SprintStar 4847,Hiking,10 colours
VelocityRun 7531,Originals,5 colours
FlexStride 4509,Performance,2 colours
WaveRider 5765,Running,9 colours
NimbleFeet 1698,Hiking,7 colours
LunarPath 8479,Training,1 colours
NimbleFeet 1733,Performance,2 colours
WaveRider 5757,Lifestyle,2 colours
NimbleFeet 1642,Casual,6 colours
TrailBlazer 5516,Trail,3 colours
NimbleFeet 7467,Sport,1 colours
AeroFlare 9273,Trail,7 colours
ThunderDash 9503,Casual,4 colours
SpeedRunner 2525,Training,6 colours
ZenithStride 5689,Sport,10 colours
SkyWalker 2516,Lifestyle,8 colours
UltraBoost 3800,Originals,3 colours
ThunderDash 1393,Trail,10 colours
UltraBoost 9582,Lifestyle,6 colours
TrailBlazer 2755,Outdoor,10 colours
ThunderDash 5536,Running,3 colours
QuantumLeap 2230,Performance,2 colours
WaveRider 4886,Originals,8 colours
BlazeTrack 5466,Trail,8 colours
ThunderDash 2551,Walking,1 colours
VelocityRun 7643,Lifestyle,4 colours
UltraBoost 8523,Originals,4 colours
ZenithStride 6670,Athletics,7 colours
BlazeTrack 1858,Casual,5 colours
NimbleFeet 1023,Casual,4 colours
AirGlide 7622,Casual,5 colours
VelocityRun 8512,Trail,9 colours
AeroFlare 3359,Hiking,9 colours
FlexStride 4400,Outdoor,5 colours
AeroFlare 6806,Originals,3 colours
BlazeTrack 9783,Hiking,8 colours
BlazeTrack 9859,Lifestyle,2 colours
SpeedRunner 4572,Training,3 colours
UltraBoost 7289,Lifestyle,9 colours
FlexStride 3088,Training,8 colours
AirGlide 5737,Gym,10 colours
ThunderDash 9771,Running,10 colours
NimbleFeet 1955,Running,5 colours
LunarPath 7428,Sport,6 colours
WaveRider 7372,Training,4 colours
TrailBlazer 6143,CrossFit,10 colours
RoadMaster 7409,Gym,8 colours
RoadMaster 6137,Hiking,9 colours
RapidPace 9201,Gym,5 colours
SpeedRunner 6249,Performance,9 colours
LunarPath 4986,Gym,3 colours
AirGlide 7734,Outdoor,7 colours
BlazeTrack 6041,Outdoor,9 colours
QuantumLeap 6021,Athletics,10 colours
LightSpeed 2285,Running,9 colours
SkyWalker 6606,Lifestyle,5 colours
ZenithStride 6140,Trail,6 colours
UltraBoost 4717,Trail,3 colours
PowerStep 7695,CrossFit,2 colours
LightSpeed 1843,Performance,5 colours
RapidPace 3163,Gym,8 colours
NimbleFeet 9129,Lifestyle,1 colours
BlazeTrack 1052,Gym,5 colours
RoadMaster 7717,Casual,8 colours
UltraBoost 1078,Outdoor,10 colours
BlazeTrack 8944,Walking,10 colours
UltraBoost 1064,Athletics,3 colours
BlazeTrack 6045,Casual,4 colours
AirGlide 6118,Casual,8 colours
NimbleFeet 5890,Hiking,5 colours
VelocityRun 6672,Lifestyle,9 colours
LunarPath 4326,Training,6 colours
SkyWalker 7229,Running,8 colours
BlazeTrack 8174,Outdoor,6 colours
BlazeTrack 3922,Performance,6 colours
RapidPace 5984,Lifestyle,4 colours
VelocityRun 7295,Performance,8 colours
AeroFlare 1463,Training,6 colours
SprintStar 7869,Athletics,4 colours
SkyWalker 6724,Performance,3 colours
SkyWalker 3247,Performance,7 colours
AirGlide 9127,Lifestyle,2 colours
SpeedRunner 9156,Casual,10 colours
LightSpeed 7543,Originals,1 colours
LightSpeed 4458,Walking,6 colours
AeroFlare 6919,Casual,3 colours
RapidPace 6478,Outdoor,6 colours
AirGlide 8622,Running,8 colours
AeroFlare 5666,Lifestyle,7 colours
RoadMaster 7125,Lifestyle,8 colours
FlexStride 3345,Running,6 colours
VelocityRun 6874,Casual,7 colours
ThunderDash 4199,Trail,5 colours
AeroFlare 8118,Streetwear,8 colours
NimbleFeet 4551,Gym,9 colours
TrailBlazer 4882,Performance,2 colours
SpeedRunner 2560,CrossFit,6 colours
SpeedRunner 8949,Trail,1 colours
BlazeTrack 6291,Casual,6 colours
AeroFlare 1373,Running,2 colours
ZenithStride 2153,Lifestyle,4 colours
QuantumLeap 9725,Gym,6 colours
AeroFlare 1841,Performance,7 colours
ThunderDash 9845,Hiking,10 colours
ThunderDash 6145,CrossFit,3 colours
FlexStride 1398,Athletics,8 colours
ZenithStride 2104,Sport,7 colours
PowerStep 7461,Hiking,9 colours
BlazeTrack 8895,Originals,8 colours
ZenithStride 6115,Hiking,6 colours
AirGlide 7059,Athletics,2 colours
SpeedRunner 1140,Hiking,4 colours
WaveRider 5141,Trail,4 colours
SpeedRunner 3712,Performance,1 colours
LunarPath 6565,Outdoor,10 colours
NimbleFeet 6447,Outdoor,10 colours
AeroFlare 5961,Trail,8 colours
LightSpeed 5260,Lifestyle,4 colours
LunarPath 7179,Lifestyle,6 colours
SpeedRunner 4990,Sport,1 colours
UltraBoost 5061,CrossFit,9 colours
NimbleFeet 7248,Hiking,6 colours
ThunderDash 9875,Training,4 colours
ZenithStride 7775,Lifestyle,10 colours
RapidPace 9322,Athletics,7 colours
FlexStride 3785,Gym,1 colours
WaveRider 7013,Casual,5 colours
AirGlide 6078,CrossFit,10 colours
NimbleFeet 8891,Trail,1 colours
AirGlide 2904,Walking,3 colours
VelocityRun 9609,Lifestyle,1 colours
NimbleFeet 3383,CrossFit,2 colours
TrailBlazer 4142,Trail,4 colours
ZenithStride 8883,Originals,8 colours
ThunderDash 5376,Athletics,5 colours
ZenithStride 6525,Walking,6 colours
AeroFlare 9288,Outdoor,2 colours
LunarPath 6557,Performance,2 colours
NimbleFeet 6657,Performance,3 colours
AirGlide 9521,Lifestyle,9 colours
ZenithStride 4069,CrossFit,1 colours
FlexStride 1942,Trail,9 colours
SprintStar 6248,Training,4 colours
PowerStep 2554,Streetwear,1 colours
SprintStar 2786,Hiking,8 colours
PowerStep 2544,Running,5 colours
RoadMaster 7502,Performance,3 colours
LunarPath 2639,Gym,1 colours
LunarPath 9045,Athletics,2 colours
AirGlide 3761,Running,7 colours
WaveRider 3867,Walking,6 colours
FlexStride 2387,Sport,10 colours
ThunderDash 4574,Sport,9 colours
NimbleFeet 9066,Walking,2 colours
VelocityRun 4748,Training,9 colours
SpeedRunner 5387,Casual,1 colours
AirGlide 4210,Running,8 colours
FlexStride 7929,Originals,5 colours
UltraBoost 5597,Originals,2 colours
FlexStride 1222,CrossFit,10 colours
LightSpeed 1818,Athletics,2 colours
SkyWalker 4032,Streetwear,4 colours
VelocityRun 6540,Sport,5 colours
BlazeTrack 4814,Hiking,5 colours
TrailBlazer 9346,Athletics,6 colours
ZenithStride 6625,Casual,4 colours
ThunderDash 4400,Training,4 colours
SkyWalker 4381,CrossFit,10 colours
SkyWalker 9061,Streetwear,3 colours
UltraBoost 8729,CrossFit,4 colours
LightSpeed 5259,Lifestyle,7 colours
ThunderDash 5656,Trail,1 colours
NimbleFeet 9822,Casual,10 colours
ThunderDash 7410,Athletics,2 colours
RapidPace 6777,Trail,2 colours
AirGlide 4200,Streetwear,6 colours
LightSpeed 6749,Casual,1 colours
SprintStar 8675,Walking,6 colours
TrailBlazer 6816,Performance,8 colours
UltraBoost 8377,Gym,5 colours
TrailBlazer 2852,Lifestyle,3 colours
RapidPace 8310,Streetwear,1 colours
TrailBlazer 9342,Performance,8 colours
SprintStar 6455,CrossFit,4 colours
UltraBoost 6576,Originals,8 colours
PowerStep 3050,Gym,6 colours
AeroFlare 1900,Sport,10 colours
NimbleFeet 9251,Casual,3 colours
NimbleFeet 1361,Trail,10 colours
LightSpeed 5262,Trail,8 colours
RapidPace 2996,Athletics,9 colours
FlexStride 2605,Training,9 colours
RoadMaster 4653,Trail,1 colours
BlazeTrack 3167,Sport,2 colours
ZenithStride 9817,Outdoor,10 colours
ThunderDash 3022,Running,9 colours
RoadMaster 2902,Trail,7 colours
ZenithStride 2107,Sport,4 colours
PowerStep 5230,Casual,7 colours
RapidPace 5647,Training,5 colours
SkyWalker 9169,CrossFit,8 colours
NimbleFeet 1794,Outdoor,5 colours
UltraBoost 7182,Sport,10 colours
UltraBoost 6217,Performance,1 colours
LunarPath 7507,Running,10 colours
LightSpeed 8408,Athletics,3 colours
LightSpeed 8088,Sport,1 colours
TrailBlazer 3887,Originals,5 colours
RoadMaster 5307,Streetwear,10 colours
AirGlide 7448,Walking,10 colours
TrailBlazer 4267,CrossFit,3 colours
NimbleFeet 1224,Lifestyle,4 colours
UltraBoost 8712,CrossFit,7 colours
PowerStep 5852,Training,2 colours
LunarPath 6384,Sport,8 colours
BlazeTrack 1498,Casual,2 colours
AirGlide 6240,Lifestyle,1 colours
TrailBlazer 2741,Training,5 colours
SpeedRunner 4177,Lifestyle,7 colours
FlexStride 9168,Running,8 colours
LightSpeed 6053,Lifestyle,9 colours
AeroFlare 5031,Casual,3 colours
ZenithStride 7288,Trail,8 colours
ZenithStride 6053,Originals,3 colours
QuantumLeap 4817,Hiking,6 colours
NimbleFeet 2697,Gym,10 colours
WaveRider 4664,Athletics,7 colours
TrailBlazer 5422,Performance,9 colours
QuantumLeap 7466,Originals,9 colours
LightSpeed 8617,Performance,2 colours
SprintStar 8089,Originals,8 colours
SkyWalker 7330,Outdoor,1 colours
FlexStride 9052,Outdoor,4 colours
ZenithStride 1708,Casual,10 colours
NimbleFeet 5327,CrossFit,5 colours
RoadMaster 4449,Training,3 colours
PowerStep 9950,Training,5 colours
AirGlide 5226,CrossFit,10 colours
PowerStep 3973,CrossFit,9 colours
PowerStep 5083,Streetwear,2 colours
RoadMaster 3108,Trail,1 colours
NimbleFeet 4661,Lifestyle,8 colours
SpeedRunner 8573,Trail,1 colours
VelocityRun 1036,Walking,3 colours
QuantumLeap 5980,Gym,1 colours
UltraBoost 8119,Sport,10 colours
AirGlide 2002,Running,10 colours
SpeedRunner 4551,Training,4 colours
PowerStep 6506,Lifestyle,5 colours
VelocityRun 4695,Casual,10 colours
NimbleFeet 9488,Gym,4 colours
BlazeTrack 7621,Performance,8 colours
PowerStep 9721,Training,4 colours
PowerStep 5776,CrossFit,10 colours
FlexStride 6405,Training,3 colours
PowerStep 7838,Running,6 colours
TrailBlazer 3424,Outdoor,8 colours
ZenithStride 4153,Casual,3 colours
SkyWalker 5380,Walking,2 colours
ThunderDash 8360,Lifestyle,2 colours
WaveRider 5458,Lifestyle,7 colours
BlazeTrack 6851,Training,4 colours
NimbleFeet 1371,Gym,5 colours
SpeedRunner 5068,Hiking,7 colours
SkyWalker 1492,Gym,6 colours
QuantumLeap 9558,Streetwear,6 colours
PowerStep 9883,Casual,1 colours
LunarPath 6917,Lifestyle,10 colours
SpeedRunner 1800,Athletics,1 colours
RapidPace 5458,Sport,10 colours
WaveRider 2309,Originals,4 colours
SpeedRunner 9701,CrossFit,9 colours
RapidPace 9461,Running,3 colours
BlazeTrack 8196,Sport,6 colours
AeroFlare 1990,Training,8 colours
ZenithStride 8063,CrossFit,6 colours
SkyWalker 2666,Trail,1 colours
RoadMaster 6312,Streetwear,8 colours
FlexStride 8135,Trail,2 colours
NimbleFeet 9936,Casual,10 colours
WaveRider 3897,Outdoor,2 colours
SpeedRunner 2132,Trail,6 colours
SpeedRunner 9375,Trail,3 colours
RoadMaster 4043,Lifestyle,3 colours
SkyWalker 4728,Walking,4 colours
RapidPace 7295,Athletics,1 colours
RapidPace 8785,Sport,2 colours
LunarPath 7582,Training,2 colours
BlazeTrack 9894,Training,1 colours
VelocityRun 9037,Training,1 colours
LightSpeed 8400,Sport,2 colours
AeroFlare 5338,Sport,10 colours
RapidPace 9724,Casual,2 colours
RapidPace 1913,Training,4 colours
ZenithStride 4175,Streetwear,6 colours
SprintStar 8926,Gym,6 colours
WaveRider 3592,Hiking,3 colours
BlazeTrack 9181,Outdoor,10 colours
SpeedRunner 3315,Walking,1 colours
VelocityRun 4535,Trail,7 colours
AirGlide 3050,Gym,10 colours
SprintStar 8365,Outdoor,7 colours
TrailBlazer 1679,Running,7 colours
AirGlide 6318,Athletics,2 colours
LightSpeed 9157,Outdoor,1 colours
ThunderDash 4098,Running,3 colours
FlexStride 3365,Originals,2 colours
NimbleFeet 3815,Athletics,6 colours
VelocityRun 4202,Casual,2 colours
SprintStar 9772,Gym,3 colours
TrailBlazer 3180,Training,3 colours
WaveRider 3977,Originals,9 colours
PowerStep 2176,Running,1 colours
AirGlide 6777,Running,4 colours
PowerStep 5791,Running,5 colours
QuantumLeap 5108,Athletics,5 colours
BlazeTrack 3539,CrossFit,7 colours
LightSpeed 8243,Trail,2 colours
AeroFlare 9256,Originals,9 colours
AirGlide 4740,Trail,9 colours
LunarPath 1783,Hiking,2 colours
NimbleFeet 2383,Performance,2 colours
NimbleFeet 4318,Trail,9 colours
RoadMaster 2107,Originals,8 colours
WaveRider 6727,Casual,1 colours
LightSpeed 6840,Streetwear,8 colours
VelocityRun 4596,Outdoor,1 colours
VelocityRun 7460,Casual,2 colours
WaveRider 9719,Hiking,2 colours
LunarPath 3869,Performance,7 colours
VelocityRun 7621,Lifestyle,4 colours
UltraBoost 7235,Running,3 colours
VelocityRun 7743,Training,7 colours
WaveRider 4535,Running,10 colours
NimbleFeet 5856,CrossFit,5 colours
BlazeTrack 7584,Walking,3 colours
SpeedRunner 8347,Performance,10 colours
BlazeTrack 6727,Gym,8 colours
QuantumLeap 8985,Athletics,9 colours
WaveRider 6830,Hiking,5 colours
SprintStar 6232,Sport,7 colours
ThunderDash 8976,Originals,6 colours
NimbleFeet 4979,CrossFit,6 colours
AeroFlare 3244,CrossFit,3 colours
PowerStep 8999,Running,8 colours
ZenithStride 1883,Outdoor,10 colours
TrailBlazer 9643,Outdoor,8 colours
VelocityRun 2126,CrossFit,8 colours
WaveRider 8133,Training,3 colours
QuantumLeap 6521,Running,3 colours
UltraBoost 1310,Casual,7 colours
SkyWalker 2768,Athletics,6 colours
VelocityRun 4412,Trail,9 colours
BlazeTrack 1269,Streetwear,5 colours
PowerStep 6363,Casual,5 colours
AeroFlare 3181,Athletics,2 colours
VelocityRun 1326,Originals,8 colours
PowerStep 5308,Originals,10 colours
SkyWalker 6289,Streetwear,5 colours
AeroFlare 8834,Performance,2 colours
RoadMaster 3853,Athletics,10 colours
ThunderDash 3731,Performance,9 colours
QuantumLeap 2033,Sport,1 colours
PowerStep 2698,Training,10 colours
SkyWalker 7798,Trail,3 colours
ThunderDash 4610,Hiking,4 colours
AeroFlare 6714,Streetwear,6 colours
WaveRider 6874,Performance,9 colours
LightSpeed 6035,Outdoor,1 colours
LightSpeed 9488,Performance,1 colours
ThunderDash 3499,Casual,10 colours
QuantumLeap 1836,Casual,7 colours
ThunderDash 7865,Athletics,1 colours
WaveRider 4820,Training,9 colours
WaveRider 2776,Outdoor,8 colours
TrailBlazer 5310,CrossFit,6 colours
SprintStar 5396,Gym,6 colours
AirGlide 5446,Walking,3 colours
BlazeTrack 2736,Originals,1 colours
TrailBlazer 7484,Hiking,9 colours
UltraBoost 2025,Hiking,6 colours
PowerStep 2466,Athletics,10 colours
WaveRider 7704,Gym,9 colours
ZenithStride 4558,Hiking,7 colours
WaveRider 1031,Hiking,10 colours
AirGlide 4507,Training,4 colours
FlexStride 8270,Athletics,7 colours
SpeedRunner 2661,Hiking,2 colours
RapidPace 8811,Hiking,3 colours
WaveRider 7148,Gym,3 colours
RoadMaster 2831,Performance,2 colours
RapidPace 7823,Running,4 colours
VelocityRun 4875,Lifestyle,3 colours
PowerStep 8710,Performance,5 colours
NimbleFeet 8536,Performance,7 colours
SpeedRunner 7651,Lifestyle,4 colours
SkyWalker 2493,Lifestyle,10 colours
SpeedRunner 4744,Outdoor,5 colours
SpeedRunner 4491,Casual,5 colours
SpeedRunner 6793,Outdoor,4 colours
FlexStride 3921,Trail,6 colours
PowerStep 6512,Athletics,6 colours
LightSpeed 6178,Outdoor,3 colours
BlazeTrack 1242,Walking,2 colours
LunarPath 9089,Trail,2 colours
UltraBoost 1194,Casual,4 colours
LunarPath 1649,Sport,8 colours
AirGlide 5138,CrossFit,3 colours
FlexStride 4088,Running,6 colours
UltraBoost 7508,Gym,3 colours
ZenithStride 9325,Casual,1 colours
WaveRider 3145,Streetwear,4 colours
TrailBlazer 4871,Hiking,9 colours
RapidPace 8151,Running,2 colours
WaveRider 8744,Gym,9 colours
PowerStep 4822,Outdoor,4 colours
WaveRider 1077,Gym,10 colours
QuantumLeap 2572,Outdoor,10 colours
ZenithStride 5403,Sport,2 colours
VelocityRun 3977,Trail,2 colours
RoadMaster 3144,Casual,6 colours
PowerStep 7120,Casual,1 colours
SkyWalker 1833,Training,5 colours
AirGlide 8853,Originals,8 colours
QuantumLeap 8403,Gym,9 colours
LightSpeed 4606,Hiking,7 colours
PowerStep 8345,Sport,1 colours
TrailBlazer 2328,CrossFit,4 colours
ThunderDash 5795,Athletics,4 colours
BlazeTrack 4954,Walking,2 colours
PowerStep 1142,Walking,6 colours
ZenithStride 1399,Originals,3 colours
PowerStep 5661,Performance,2 colours
FlexStride 6949,Sport,8 colours
QuantumLeap 1359,Lifestyle,1 colours
SpeedRunner 2053,Walking,1 colours
BlazeTrack 9446,Originals,3 colours
BlazeTrack 3928,Walking,2 colours
AeroFlare 1017,Originals,3 colours
AirGlide 1975,Outdoor,7 colours
RapidPace 5894,Gym,10 colours
ThunderDash 1160,Trail,5 colours
UltraBoost 1755,Athletics,2 colours
TrailBlazer 4145,CrossFit,9 colours
RapidPace 9736,Performance,7 colours
ZenithStride 9946,Trail,3 colours
SprintStar 1940,Athletics,1 colours
ZenithStride 7547,Outdoor,2 colours
WaveRider 2214,Performance,10 colours
TrailBlazer 7888,Casual,9 colours
FlexStride 8044,Casual,1 colours
SprintStar 7645,Casual,3 colours
LightSpeed 3109,Originals,9 colours
WaveRider 6664,Performance,7 colours
BlazeTrack 7646,CrossFit,4 colours
QuantumLeap 9793,Originals,2 colours
RoadMaster 7562,Walking,4 colours
AeroFlare 4736,Athletics,3 colours
ThunderDash 3868,Performance,3 colours
SkyWalker 1423,Sport,8 colours
VelocityRun 7307,Trail,1 colours
FlexStride 4207,Sport,9 colours
SkyWalker 8369,Originals,6 colours
FlexStride 7411,Training,8 colours
UltraBoost 3683,Originals,8 colours
ThunderDash 8627,Athletics,5 colours
VelocityRun 3422,Performance,6 colours
ThunderDash 1313,Streetwear,7 colours
PowerStep 6068,Trail,10 colours
TrailBlazer 2745,Training,9 colours
AeroFlare 6262,Performance,2 colours
VelocityRun 2697,Originals,4 colours
LunarPath 4189,Walking,5 colours
QuantumLeap 4939,CrossFit,6 colours
AirGlide 7223,CrossFit,8 colours
FlexStride 9898,Sport,6 colours
PowerStep 8948,Streetwear,2 colours
AirGlide 8455,Gym,2 colours
RoadMaster 2564,Performance,8 colours
PowerStep 7480,Streetwear,10 colours
AeroFlare 4201,Lifestyle,5 colours
LunarPath 2373,Training,8 colours
RoadMaster 8899,Athletics,3 colours
TrailBlazer 7625,Performance,6 colours
BlazeTrack 9807,Casual,5 colours
NimbleFeet 7821,Streetwear,8 colours
AeroFlare 7536,Gym,4 colours
PowerStep 3678,Lifestyle,8 colours
ThunderDash 6839,Streetwear,10 colours
SpeedRunner 3371,Streetwear,10 colours
QuantumLeap 3921,Sport,3 colours
SpeedRunner 2144,Originals,3 colours
SprintStar 8282,Athletics,3 colours
LunarPath 5252,Hiking,9 colours
VelocityRun 9879,Training,1 colours
QuantumLeap 2392,CrossFit,5 colours
AirGlide 5564,Running,9 colours
LunarPath 6013,Streetwear,8 colours
LightSpeed 5020,Running,6 colours
VelocityRun 1765,Outdoor,9 colours
ThunderDash 2915,Performance,9 colours
PowerStep 9307,Casual,1 colours
SprintStar 7299,Gym,1 colours
PowerStep 5720,CrossFit,10 colours
AirGlide 6345,Walking,5 colours
FlexStride 5078,Casual,7 colours
FlexStride 4656,Originals,5 colours
SprintStar 3570,Sport,3 colours
AirGlide 1795,Training,5 colours
SprintStar 8476,Walking,1 colours
ThunderDash 3565,Casual,7 colours
WaveRider 6707,Trail,3 colours
TrailBlazer 9799,Sport,6 colours
LunarPath 1718,Casual,10 colours
BlazeTrack 3199,Sport,10 colours
FlexStride 7171,CrossFit,7 colours
UltraBoost 6062,Hiking,5 colours
LightSpeed 3395,Gym,8 colours
RapidPace 7801,Outdoor,8 colours
SkyWalker 9984,Lifestyle,7 colours
QuantumLeap 6984,Walking,4 colours
SpeedRunner 5840,Training,5 colours
SkyWalker 3511,Running,4 colours
NimbleFeet 8529,Lifestyle,2 colours
SkyWalker 7917,Streetwear,4 colours
SprintStar 4364,Casual,8 colours
PowerStep 1538,Gym,3 colours
AirGlide 3730,Hiking,2 colours
AeroFlare 7560,Trail,8 colours
SprintStar 9579,Trail,2 colours
RapidPace 7979,Hiking,1 colours
ThunderDash 8613,Hiking,9 colours
ZenithStride 9118,Hiking,5 colours
BlazeTrack 8271,Hiking,10 colours
LunarPath 1400,Streetwear,10 colours
PowerStep 5715,Gym,10 colours
QuantumLeap 8383,Sport,8 colours
PowerStep 6806,Casual,4 colours
RapidPace 1970,Running,5 colours
PowerStep 1676,Trail,5 colours
BlazeTrack 9994,Streetwear,7 colours
AeroFlare 1893,Performance,6 colours
UltraBoost 1755,Streetwear,2 colours
AirGlide 3025,Training,2 colours
SprintStar 7518,Casual,5 colours
BlazeTrack 6315,Walking,2 colours
AeroFlare 3655,Training,7 colours
QuantumLeap 9417,Athletics,4 colours
QuantumLeap 5127,Walking,7 colours
PowerStep 8133,Hiking,6 colours
NimbleFeet 1543,Casual,9 colours
LightSpeed 1924,Hiking,4 colours
AirGlide 2042,Training,5 colours
AeroFlare 2486,CrossFit,2 colours
RapidPace 6077,Training,6 colours
ThunderDash 2049,Originals,9 colours
AeroFlare 5270,Streetwear,10 colours
UltraBoost 8309,Originals,6 colours
PowerStep 4106,Running,9 colours
ThunderDash 8328,Originals,7 colours
SkyWalker 7512,Athletics,5 colours
TrailBlazer 4893,CrossFit,7 colours
ThunderDash 3159,Streetwear,9 colours
BlazeTrack 8960,Athletics,2 colours
AirGlide 7667,Sport,2 colours
QuantumLeap 1726,Athletics,1 colours
TrailBlazer 5264,Casual,3 colours
RapidPace 1215,Training,9 colours
WaveRider 3987,Trail,10 colours
RoadMaster 3940,Trail,9 colours
SkyWalker 2325,Trail,2 colours
LightSpeed 6196,Outdoor,10 colours
UltraBoost 4492,Trail,4 colours
FlexStride 1381,Sport,7 colours
VelocityRun 1643,Hiking,5 colours
RapidPace 1686,Trail,9 colours
SkyWalker 2569,CrossFit,6 colours
TrailBlazer 8038,Sport,3 colours
UltraBoost 7586,Athletics,10 colours
BlazeTrack 1051,CrossFit,10 colours
NimbleFeet 3356,Walking,6 colours
AirGlide 5900,Hiking,1 colours
BlazeTrack 9836,Streetwear,1 colours
NimbleFeet 5835,Gym,3 colours
TrailBlazer 4737,Originals,7 colours
SpeedRunner 5023,Trail,7 colours
WaveRider 3026,Sport,10 colours
ThunderDash 4764,Streetwear,7 colours
QuantumLeap 9718,Gym,4 colours
SkyWalker 4873,Training,6 colours
AirGlide 2620,Athletics,8 colours
ThunderDash 6425,Sport,9 colours
ThunderDash 9634,Performance,5 colours
FlexStride 3445,Walking,3 colours
RapidPace 3661,Sport,1 colours
AeroFlare 7041,Lifestyle,4 colours
LightSpeed 2322,Outdoor,7 colours
WaveRider 2670,Lifestyle,9 colours
SkyWalker 5714,Outdoor,3 colours
LightSpeed 4510,Training,10 colours
LunarPath 5978,Streetwear,10 colours
SpeedRunner 2289,Outdoor,1 colours
TrailBlazer 7020,Training,9 colours
RoadMaster 3786,Hiking,5 colours
ZenithStride 5231,Performance,3 colours
NimbleFeet 6691,Streetwear,10 colours
ThunderDash 8709,Originals,8 colours
RapidPace 9602,Originals,10 colours
SprintStar 9060,Hiking,6 colours
RapidPace 2303,Casual,5 colours
ZenithStride 1353,Gym,2 colours
RoadMaster 2088,Casual,9 colours
UltraBoost 8196,Gym,2 colours
AirGlide 4385,Streetwear,1 colours
AirGlide 1925,Casual,1 colours
NimbleFeet 5799,Performance,1 colours
NimbleFeet 6602,Running,5 colours
SkyWalker 2290,CrossFit,4 colours
QuantumLeap 3589,Performance,3 colours
RoadMaster 3171,Athletics,4 colours
ThunderDash 6073,Lifestyle,9 colours
WaveRider 1747,Casual,9 colours
QuantumLeap 9789,Gym,5 colours
AirGlide 6993,Training,10 colours
ThunderDash 4240,Casual,8 colours
TrailBlazer 7319,Sport,4 colours
LightSpeed 3899,Lifestyle,5 colours
SpeedRunner 5662,Lifestyle,9 colours
LunarPath 3843,CrossFit,1 colours
AirGlide 1117,Originals,1 colours
AeroFlare 2602,Sport,4 colours
RapidPace 6938,Running,8 colours
VelocityRun 1822,Performance,7 colours
AirGlide 3867,Streetwear,4 colours
SprintStar 5961,Casual,3 colours
SprintStar 8558,CrossFit,9 colours
SkyWalker 3002,Walking,10 colours
RapidPace 6379,Outdoor,5 colours
SpeedRunner 6039,Streetwear,7 colours
PowerStep 2718,Walking,7 colours
VelocityRun 2455,Originals,2 colours
ZenithStride 7840,Trail,5 colours
LightSpeed 5768,Sport,6 colours
RapidPace 1247,Gym,5 colours
LunarPath 5021,Originals,4 colours
BlazeTrack 5156,Walking,4 colours
PowerStep 1631,Trail,3 colours
ZenithStride 6214,Streetwear,5 colours
AeroFlare 3732,Originals,9 colours
QuantumLeap 4041,Athletics,2 colours
AirGlide 6587,Training,3 colours
AirGlide 9753,CrossFit,1 colours
LightSpeed 8732,Casual,4 colours
PowerStep 7389,Running,3 colours
SprintStar 2510,Running,7 colours
SpeedRunner 4602,Sport,1 colours
NimbleFeet 7387,Training,9 colours
SprintStar 3957,Lifestyle,1 colours
SpeedRunner 9589,Originals,8 colours
AirGlide 3061,Hiking,2 colours
RoadMaster 8829,Sport,9 colours
ZenithStride 2476,Originals,2 colours
AirGlide 2206,Training,9 colours
VelocityRun 2663,Originals,2 colours
UltraBoost 2135,Gym,6 colours
AeroFlare 2948,CrossFit,3 colours
WaveRider 8858,Streetwear,7 colours
BlazeTrack 9732,Lifestyle,3 colours
TrailBlazer 2487,Outdoor,10 colours
QuantumLeap 5738,Casual,10 colours
LunarPath 7101,Originals,2 colours
RapidPace 1756,CrossFit,2 colours
AeroFlare 7747,Running,10 colours
QuantumLeap 1313,Outdoor,3 colours
SpeedRunner 3988,Performance,9 colours
FlexStride 6570,Lifestyle,6 colours
FlexStride 2334,Trail,1 colours
ZenithStride 8823,Gym,5 colours
WaveRider 1229,Training,4 colours
ThunderDash 4830,Trail,10 colours
NimbleFeet 5616,Streetwear,2 colours
LightSpeed 3473,Sport,4 colours
RapidPace 2087,CrossFit,1 colours
VelocityRun 5540,Hiking,4 colours
FlexStride 2133,Walking,3 colours
SkyWalker 2717,Gym,2 colours
RapidPace 9253,Originals,5 colours
QuantumLeap 8781,Training,6 colours
LightSpeed 3158,Athletics,10 colours
RapidPace 7624,Training,5 colours
LunarPath 1686,CrossFit,2 colours
AirGlide 7407,CrossFit,2 colours
PowerStep 5476,Casual,4 colours
NimbleFeet 6733,Athletics,5 colours
SprintStar 6702,Gym,10 colours
ZenithStride 7260,Running,9 colours
BlazeTrack 8952,Running,4 colours
ThunderDash 5300,Streetwear,3 colours
ThunderDash 7600,Hiking,5 colours
UltraBoost 4442,Gym,4 colours
VelocityRun 1109,Athletics,3 colours
SkyWalker 5492,Gym,2 colours
RoadMaster 6227,Streetwear,4 colours
RapidPace 5265,Sport,10 colours
SpeedRunner 2094,Gym,5 colours
ZenithStride 7845,Walking,5 colours
ZenithStride 7966,Training,5 colours
NimbleFeet 2193,Gym,3 colours
LightSpeed 1424,Athletics,1 colours
ThunderDash 4762,Athletics,8 colours
SkyWalker 4818,Streetwear,6 colours
SprintStar 7974,Sport,4 colours
NimbleFeet 2302,Lifestyle,6 colours
TrailBlazer 9883,Lifestyle,9 colours
UltraBoost 8941,Trail,4 colours
WaveRider 8094,Casual,9 colours
NimbleFeet 2147,Originals,7 colours
LightSpeed 1005,Casual,1 colours
QuantumLeap 2934,Casual,1 colours
AeroFlare 6800,Streetwear,9 colours
SprintStar 1339,Lifestyle,2 colours
ZenithStride 1576,Training,8 colours
AirGlide 9532,CrossFit,3 colours
RoadMaster 7314,Casual,7 colours
LightSpeed 6215,Hiking,10 colours
ZenithStride 5614,Sport,4 colours
LightSpeed 9561,Hiking,3 colours
AeroFlare 1823,Streetwear,7 colours
VelocityRun 7164,Performance,1 colours
AeroFlare 8316,Hiking,3 colours
WaveRider 8879,Streetwear,2 colours
QuantumLeap 5551,Hiking,4 colours
QuantumLeap 3826,CrossFit,8 colours
NimbleFeet 1630,Streetwear,9 colours
TrailBlazer 9528,Originals,9 colours
TrailBlazer 3006,Training,5 colours
PowerStep 7952,Hiking,4 colours
LightSpeed 2133,Running,4 colours
LunarPath 7450,Walking,8 colours
ZenithStride 6274,Athletics,3 colours
SpeedRunner 9675,Originals,3 colours
FlexStride 3046,Athletics,9 colours
LunarPath 5897,Outdoor,10 colours
SkyWalker 3103,Training,1 colours
FlexStride 9620,Casual,10 colours
RapidPace 5404,Lifestyle,10 colours
UltraBoost 5711,Originals,10 colours
QuantumLeap 4097,CrossFit,10 colours
ZenithStride 9820,Gym,10 colours
SpeedRunner 9624,Trail,9 colours
ThunderDash 6040,Athletics,5 colours
LightSpeed 1641,Casual,2 colours
ThunderDash 2735,Lifestyle,7 colours
AirGlide 5047,Casual,2 colours
FlexStride 4503,Walking,3 colours
SpeedRunner 9871,Performance,7 colours
TrailBlazer 7862,Sport,3 colours
BlazeTrack 5812,Streetwear,2 colours
VelocityRun 7077,Sport,9 colours
QuantumLeap 7898,Lifestyle,10 colours
SprintStar 2716,Hiking,9 colours
ZenithStride 8683,Streetwear,7 colours
QuantumLeap 1141,Gym,5 colours
RoadMaster 3696,Originals,1 colours
SprintStar 1824,Hiking,8 colours
AirGlide 1707,Walking,10 colours
RoadMaster 3067,Walking,5 colours
TrailBlazer 9140,Hiking,6 colours
VelocityRun 2487,Streetwear,7 colours
BlazeTrack 9188,Hiking,6 colours
PowerStep 9022,Casual,8 colours
QuantumLeap 3709,Outdoor,10 colours
QuantumLeap 3112,Casual,5 colours
SpeedRunner 2576,Hiking,1 colours
WaveRider 7956,Casual,3 colours
LunarPath 6872,Hiking,8 colours
ThunderDash 8082,Performance,6 colours
PowerStep 9245,CrossFit,7 colours
RoadMaster 8068,Lifestyle,9 colours
VelocityRun 7335,Athletics,1 colours
BlazeTrack 2057,Hiking,1 colours
AirGlide 3982,CrossFit,2 colours
SkyWalker 5802,Running,4 colours
AirGlide 1135,Outdoor,8 colours
SpeedRunner 1997,CrossFit,7 colours
ZenithStride 2021,Hiking,7 colours
QuantumLeap 3203,Sport,4 colours
LightSpeed 8419,Streetwear,3 colours
WaveRider 9851,Outdoor,6 colours
UltraBoost 5526,Sport,6 colours
ZenithStride 7694,Outdoor,1 colours
NimbleFeet 7547,Casual,10 colours
SkyWalker 2208,Trail,9 colours
SkyWalker 3715,Originals,2 colours
WaveRider 1542,Gym,10 colours
TrailBlazer 7691,Casual,1 colours
AirGlide 2167,Lifestyle,7 colours
PowerStep 5782,Performance,1 colours
UltraBoost 4281,Originals,2 colours
RoadMaster 5999,Lifestyle,10 colours
LightSpeed 7911,Training,4 colours
RapidPace 7566,Casual,5 colours
SprintStar 9898,Trail,3 colours
RapidPace 9819,Athletics,4 colours
SpeedRunner 3557,Originals,4 colours
SprintStar 4809,Streetwear,9 colours
AeroFlare 7794,Walking,7 colours
SpeedRunner 3634,Hiking,4 colours
RapidPace 7393,Streetwear,5 colours
SkyWalker 3920,Streetwear,1 colours
BlazeTrack 4365,Training,10 colours
TrailBlazer 8125,Hiking,3 colours
FlexStride 2869,Athletics,1 colours
UltraBoost 5966,Running,10 colours
ThunderDash 3910,Casual,4 colours
PowerStep 2865,Casual,10 colours
SprintStar 8630,Hiking,9 colours
VelocityRun 7944,Casual,5 colours
AeroFlare 9703,Casual,7 colours
QuantumLeap 1735,CrossFit,5 colours
RoadMaster 4735,Outdoor,9 colours
SpeedRunner 7970,Gym,8 colours
SprintStar 4125,Athletics,9 colours
SpeedRunner 5738,Athletics,6 colours
LightSpeed 9462,Streetwear,6 colours
VelocityRun 3940,Gym,3 colours
FlexStride 9850,Performance,3 colours
SprintStar 3606,Running,3 colours
